학년도,시행월,문항번호
2022,6,1
2022,6,2
2022,6,3
2022,6,4
2022,6,5
2022,6,6
2022,6,7
2022,6,8
2022,6,9
2022,6,10
2022,6,11
2022,6,12
2022,6,13
2022,6,14
2022,6,15
2022,6,16
2022,6,17
2022,6,18
2022,6,19
2022,6,20
2022,6,21
2022,6,22
2022,6,23
2022,6,24
2022,6,25
2022,6,26
2022,6,27
2022,6,28
2022,6,29
2022,6,30
2022,9,1
2022,9,2
2022,9,3
2022,9,4
2022,9,5
2022,9,6
2022,9,7
2022,9,8
2022,9,9
2022,9,10
2022,9,11
2022,9,12
2022,9,13
2022,9,14
2022,9,15
2022,9,16
2022,9,17
2022,9,18
2022,9,19
2022,9,20
2022,9,21
2022,9,22
2022,9,23
2022,9,24
2022,9,25
2022,9,26
2022,9,27
2022,9,28
2022,9,29
2022,9,30
2022,11,1
2022,11,2
2022,11,3
2022,11,4
2022,11,5
2022,11,6
2022,11,7
2022,11,8
2022,11,9
2022,11,10
2022,11,11
2022,11,12
2022,11,13
2022,11,14
2022,11,15
2022,11,16
2022,11,17
2022,11,18
2022,11,19
2022,11,20
2022,11,21
2022,11,22
2022,11,23
2022,11,24
2022,11,25
2022,11,26
2022,11,27
2022,11,28
2022,11,29
2022,11,30
2023,6,1
2023,6,2
2023,6,3
2023,6,4
2023,6,5
2023,6,6
2023,6,7
2023,6,8
2023,6,9
2023,6,10
2023,6,11
2023,6,12
2023,6,13
2023,6,14
2023,6,15
2023,6,16
2023,6,17
2023,6,18
2023,6,19
2023,6,20
2023,6,21
2023,6,22
2023,6,23
2023,6,24
2023,6,25
2023,6,26
2023,6,27
2023,6,28
2023,6,29
2023,6,30
2023,9,1
2023,9,2
2023,9,3
2023,9,4
2023,9,5
2023,9,6
2023,9,7
2023,9,8
2023,9,9
2023,9,10
2023,9,11
2023,9,12
2023,9,13
2023,9,14
2023,9,15
2023,9,16
2023,9,17
2023,9,18
2023,9,19
2023,9,20
2023,9,21
2023,9,22
2023,9,23
2023,9,24
2023,9,25
2023,9,26
2023,9,27
2023,9,28
2023,9,29
2023,9,30
2023,11,1
2023,11,2
2023,11,3
2023,11,4
2023,11,5
2023,11,6
2023,11,7
2023,11,8
2023,11,9
2023,11,10
2023,11,11
2023,11,12
2023,11,13
2023,11,14
2023,11,15
2023,11,16
2023,11,17
2023,11,18
2023,11,19
2023,11,20
2023,11,21
2023,11,22
2023,11,23
2023,11,24
2023,11,25
2023,11,26
2023,11,27
2023,11,28
2023,11,29
2023,11,30
2024,6,1
2024,6,2
2024,6,3
2024,6,4
2024,6,5
2024,6,6
2024,6,7
2024,6,8
2024,6,9
2024,6,10
2024,6,11
2024,6,12
2024,6,13
2024,6,14
2024,6,15
2024,6,16
2024,6,17
2024,6,18
2024,6,19
2024,6,20
2024,6,21
2024,6,22
2024,6,23
2024,6,24
2024,6,25
2024,6,26
2024,6,27
2024,6,28
2024,6,29
2024,6,30
2024,9,1
2024,9,2
2024,9,3
2024,9,4
2024,9,5
2024,9,6
2024,9,7
2024,9,8
2024,9,9
2024,9,10
2024,9,11
2024,9,12
2024,9,13
2024,9,14
2024,9,15
2024,9,16
2024,9,17
2024,9,18
2024,9,19
2024,9,20
2024,9,21
2024,9,22
2024,9,23
2024,9,24
2024,9,25
2024,9,26
2024,9,27
2024,9,28
2024,9,29
2024,9,30
2024,11,1
2024,11,2
2024,11,3
2024,11,4
2024,11,5
2024,11,6
2024,11,7
2024,11,8
2024,11,9
2024,11,10
2024,11,11
2024,11,12
2024,11,13
2024,11,14
2024,11,15
2024,11,16
2024,11,17
2024,11,18
2024,11,19
2024,11,20
2024,11,21
2024,11,22
2024,11,23
2024,11,24
2024,11,25
2024,11,26
2024,11,27
2024,11,28
2024,11,29
2024,11,30
2025,6,1
2025,6,2
2025,6,3
2025,6,4
2025,6,5
2025,6,6
2025,6,7
2025,6,8
2025,6,9
2025,6,10
2025,6,11
2025,6,12
2025,6,13
2025,6,14
2025,6,15
2025,6,16
2025,6,17
2025,6,18
2025,6,19
2025,6,20
2025,6,21
2025,6,22
2025,6,23
2025,6,24
2025,6,25
2025,6,26
2025,6,27
2025,6,28
2025,6,29
2025,6,30
2025,9,1
2025,9,2
2025,9,3
2025,9,4
2025,9,5
2025,9,6
2025,9,7
2025,9,8
2025,9,9
2025,9,10
2025,9,11
2025,9,12
2025,9,13
2025,9,14
2025,9,15
2025,9,16
2025,9,17
2025,9,18
2025,9,19
2025,9,20
2025,9,21
2025,9,22
2025,9,23
2025,9,24
2025,9,25
2025,9,26
2025,9,27
2025,9,28
2025,9,29
2025,9,30
2025,11,1
2025,11,2
2025,11,3
2025,11,4
2025,11,5
2025,11,6
2025,11,7
2025,11,8
2025,11,9
2025,11,10
2025,11,11
2025,11,12
2025,11,13
2025,11,14
2025,11,15
2025,11,16
2025,11,17
2025,11,18
2025,11,19
2025,11,20
2025,11,21
2025,11,22
2025,11,23
2025,11,24
2025,11,25
2025,11,26
2025,11,27
2025,11,28
2025,11,29
2025,11,30
2026,6,1
2026,6,2
2026,6,3
2026,6,4
2026,6,5
2026,6,6
2026,6,7
2026,6,8
2026,6,9
2026,6,10
2026,6,11
2026,6,12
2026,6,13
2026,6,14
2026,6,15
2026,6,16
2026,6,17
2026,6,18
2026,6,19
2026,6,20
2026,6,21
2026,6,22
2026,6,23
2026,6,24
2026,6,25
2026,6,26
2026,6,27
2026,6,28
2026,6,29
2026,6,30
2026,9,1
2026,9,2
2026,9,3
2026,9,4
2026,9,5
2026,9,6
2026,9,7
2026,9,8
2026,9,9
2026,9,10
2026,9,11
2026,9,12
2026,9,13
2026,9,14
2026,9,15
2026,9,16
2026,9,17
2026,9,18
2026,9,19
2026,9,20
2026,9,21
2026,9,22
2026,9,23
2026,9,24
2026,9,25
2026,9,26
2026,9,27
2026,9,28
2026,9,29
2026,9,30
